{
  "v": "5.5.7",
  "meta": {
    "g": "LottieFiles AE 0.1.20",
    "a": "Abhimanyu Rana",
    "k": "Loader",
    "d": "Loader",
    "tc": "none"
  },
  "fr": 29.9700012207031,
  "ip": 10.0000004073083,
  "op": 30.000001221925,
  "w": 100,
  "h": 100,
  "nm": "loader",
  "ddd": 0,
  "assets": [
    {
      "id": "comp_0",
      "layers": [
        {
          "ddd": 0,
          "ind": 1,
          "ty": 3,
          "nm": "Null 2",
          "sr": 1,
          "ks": {
            "o": {
              "a": 0,
              "k": 0,
              "ix": 11
            },
            "r": {
              "a": 0,
              "k": 0,
              "ix": 10
            },
            "p": {
              "a": 0,
              "k": [
                65,
                50,
                0
              ],
              "ix": 2
            },
            "a": {
              "a": 0,
              "k": [
                0,
                0,
                0
              ],
              "ix": 1
            },
            "s": {
              "a": 0,
              "k": [
                100,
                100,
                100
              ],
              "ix": 6
            }
          },
          "ao": 0,
          "ip": 0,
          "op": 130.000005295009,
          "st": 10.0000004073083,
          "bm": 0
        },
        {
          "ddd": 0,
          "ind": 2,
          "ty": 4,
          "nm": "Shape Layer 3",
          "parent": 1,
          "sr": 1,
          "ks": {
            "o": {
              "a": 0,
              "k": 100,
              "ix": 11
            },
            "r": {
              "a": 0,
              "k": 0,
              "ix": 10
            },
            "p": {
              "a": 1,
              "k": [
                {
                  "i": {
                    "x": 0.833,
                    "y": 0.833
                  },
                  "o": {
                    "x": 0.608,
                    "y": 0
                  },
                  "t": 10,
                  "s": [
                    0,
                    -18,
                    0
                  ],
                  "to": [
                    0,
                    3,
                    0
                  ],
                  "ti": [
                    0,
                    0,
                    0
                  ]
                },
                {
                  "i": {
                    "x": 0.833,
                    "y": 0.833
                  },
                  "o": {
                    "x": 0.211,
                    "y": 0
                  },
                  "t": 20,
                  "s": [
                    0,
                    0,
                    0
                  ],
                  "to": [
                    0,
                    0,
                    0
                  ],
                  "ti": [
                    0,
                    -0.641,
                    0
                  ]
                },
                {
                  "i": {
                    "x": 0.833,
                    "y": 0.833
                  },
                  "o": {
                    "x": 0.608,
                    "y": 0
                  },
                  "t": 30,
                  "s": [
                    0,
                    -18,
                    0
                  ],
                  "to": [
                    0,
                    0.641,
                    0
                  ],
                  "ti": [
                    0,
                    1.359,
                    0
                  ]
                },
                {
                  "i": {
                    "x": 0.833,
                    "y": 0.833
                  },
                  "o": {
                    "x": 0.211,
                    "y": 0
                  },
                  "t": 40,
                  "s": [
                    0,
                    3.846,
                    0
                  ],
                  "to": [
                    0,
                    -1.359,
                    0
                  ],
                  "ti": [
                    0,
                    0,
                    0
                  ]
                },
                {
                  "i": {
                    "x": 0.833,
                    "y": 0.833
                  },
                  "o": {
                    "x": 0.608,
                    "y": 0
                  },
                  "t": 50,
                  "s": [
                    0,
                    -26.154,
                    0
                  ],
                  "to": [
                    0,
                    0,
                    0
                  ],
                  "ti": [
                    0,
                    0,
                    0
                  ]
                },
                {
                  "i": {
                    "x": 0.833,
                    "y": 0.833
                  },
                  "o": {
                    "x": 0.211,
                    "y": 0
                  },
                  "t": 60,
                  "s": [
                    0,
                    3.846,
                    0
                  ],
                  "to": [
                    0,
                    0,
                    0
                  ],
                  "ti": [
                    0,
                    0,
                    0
                  ]
                },
                {
                  "i": {
                    "x": 0.833,
                    "y": 0.833
                  },
                  "o": {
                    "x": 0.608,
                    "y": 0
                  },
                  "t": 70,
                  "s": [
                    0,
                    -26.154,
                    0
                  ],
                  "to": [
                    0,
                    0,
                    0
                  ],
                  "ti": [
                    0,
                    0,
                    0
                  ]
                },
                {
                  "i": {
                    "x": 0.833,
                    "y": 0.833
                  },
                  "o": {
                    "x": 0.211,
                    "y": 0
                  },
                  "t": 80,
                  "s": [
                    0,
                    3.846,
                    0
                  ],
                  "to": [
                    0,
                    0,
                    0
                  ],
                  "ti": [
                    0,
                    0,
                    0
                  ]
                },
                {
                  "i": {
                    "x": 0.833,
                    "y": 0.833
                  },
                  "o": {
                    "x": 0.608,
                    "y": 0
                  },
                  "t": 90,
                  "s": [
                    0,
                    -26.154,
                    0
                  ],
                  "to": [
                    0,
                    0,
                    0
                  ],
                  "ti": [
                    0,
                    0,
                    0
                  ]
                },
                {
                  "i": {
                    "x": 0.833,
                    "y": 0.833
                  },
                  "o": {
                    "x": 0.211,
                    "y": 0
                  },
                  "t": 100,
                  "s": [
                    0,
                    3.846,
                    0
                  ],
                  "to": [
                    0,
                    0,
                    0
                  ],
                  "ti": [
                    0,
                    0,
                    0
                  ]
                },
                {
                  "i": {
                    "x": 0.833,
                    "y": 0.833
                  },
                  "o": {
                    "x": 0.608,
                    "y": 0
                  },
                  "t": 110,
                  "s": [
                    0,
                    -26.154,
                    0
                  ],
                  "to": [
                    0,
                    0,
                    0
                  ],
                  "ti": [
                    0,
                    0,
                    0
                  ]
                },
                {
                  "i": {
                    "x": 0.833,
                    "y": 0.833
                  },
                  "o": {
                    "x": 0.211,
                    "y": 0
                  },
                  "t": 120,
                  "s": [
                    0,
                    3.846,
                    0
                  ],
                  "to": [
                    0,
                    0,
                    0
                  ],
                  "ti": [
                    0,
                    5,
                    0
                  ]
                },
                {
                  "t": 130.000005295009,
                  "s": [
                    0,
                    -26.154,
                    0
                  ]
                }
              ],
              "ix": 2
            },
            "a": {
              "a": 0,
              "k": [
                -1.273,
                4.366,
                0
              ],
              "ix": 1
            },
            "s": {
              "a": 1,
              "k": [
                {
                  "i": {
                    "x": [
                      0.22,
                      0.22,
                      0.833
                    ],
                    "y": [
                      1,
                      1,
                      1
                    ]
                  },
                  "o": {
                    "x": [
                      0.02,
                      0.02,
                      0.167
                    ],
                    "y": [
                      0,
                      0,
                      0
                    ]
                  },
                  "t": 10,
                  "s": [
                    100,
                    100,
                    100
                  ]
                },
                {
                  "i": {
                    "x": [
                      0.22,
                      0.22,
                      0.833
                    ],
                    "y": [
                      1,
                      1,
                      1
                    ]
                  },
                  "o": {
                    "x": [
                      0.02,
                      0.02,
                      0.167
                    ],
                    "y": [
                      0,
                      0,
                      0
                    ]
                  },
                  "t": 20,
                  "s": [
                    100,
                    92,
                    100
                  ]
                },
                {
                  "i": {
                    "x": [
                      0.22,
                      0.22,
                      0.833
                    ],
                    "y": [
                      1,
                      1,
                      1
                    ]
                  },
                  "o": {
                    "x": [
                      0.02,
                      0.02,
                      0.167
                    ],
                    "y": [
                      0,
                      0,
                      0
                    ]
                  },
                  "t": 30,
                  "s": [
                    100,
                    100,
                    100
                  ]
                },
                {
                  "i": {
                    "x": [
                      0.22,
                      0.22,
                      0.833
                    ],
                    "y": [
                      1,
                      1,
                      1
                    ]
                  },
                  "o": {
                    "x": [
                      0.02,
                      0.02,
                      0.167
                    ],
                    "y": [
                      0,
                      0,
                      0
                    ]
                  },
                  "t": 40,
                  "s": [
                    100,
                    80,
                    100
                  ]
                },
                {
                  "i": {
                    "x": [
                      0.22,
                      0.22,
                      0.833
                    ],
                    "y": [
                      1,
                      1,
                      1
                    ]
                  },
                  "o": {
                    "x": [
                      0.02,
                      0.02,
                      0.167
                    ],
                    "y": [
                      0,
                      0,
                      0
                    ]
                  },
                  "t": 50,
                  "s": [
                    100,
                    100,
                    100
                  ]
                },
                {
                  "i": {
                    "x": [
                      0.22,
                      0.22,
                      0.833
                    ],
                    "y": [
                      1,
                      1,
                      1
                    ]
                  },
                  "o": {
                    "x": [
                      0.02,
                      0.02,
                      0.167
                    ],
                    "y": [
                      0,
                      0,
                      0
                    ]
                  },
                  "t": 60,
                  "s": [
                    100,
                    80,
                    100
                  ]
                },
                {
                  "t": 70.0000028511585,
                  "s": [
                    100,
                    100,
                    100
                  ]
                }
              ],
              "ix": 6
            }
          },
          "ao": 0,
          "shapes": [
            {
              "ty": "gr",
              "it": [
                {
                  "d": 1,
                  "ty": "el",
                  "s": {
                    "a": 0,
                    "k": [
                      4.501,
                      4.501
                    ],
                    "ix": 2
                  },
                  "p": {
                    "a": 0,
                    "k": [
                      0,
                      0
                    ],
                    "ix": 3
                  },
                  "nm": "Ellipse Path 1",
                  "mn": "ADBE Vector Shape - Ellipse",
                  "hd": false
                },
                {
                  "ty": "fl",
                  "c": {
                    "a": 0,
                    "k": [
                      0.913725490196,
                      0.329411764706,
                      0.329411764706,
                      1
                    ],
                    "ix": 4
                  },
                  "o": {
                    "a": 0,
                    "k": 100,
                    "ix": 5
                  },
                  "r": 1,
                  "bm": 0,
                  "nm": "Fill 1",
                  "mn": "ADBE Vector Graphic - Fill",
                  "hd": false
                },
                {
                  "ty": "tr",
                  "p": {
                    "a": 0,
                    "k": [
                      -1.273,
                      0.52
                    ],
                    "ix": 2
                  },
                  "a": {
                    "a": 0,
                    "k": [
                      0,
                      0
                    ],
                    "ix": 1
                  },
                  "s": {
                    "a": 0,
                    "k": [
                      170.881,
                      170.881
                    ],
                    "ix": 3
                  },
                  "r": {
                    "a": 0,
                    "k": 0,
                    "ix": 6
                  },
                  "o": {
                    "a": 0,
                    "k": 100,
                    "ix": 7
                  },
                  "sk": {
                    "a": 0,
                    "k": 0,
                    "ix": 4
                  },
                  "sa": {
                    "a": 0,
                    "k": 0,
                    "ix": 5
                  },
                  "nm": "Transform"
                }
              ],
              "nm": "Ellipse 1",
              "np": 3,
              "cix": 2,
              "bm": 0,
              "ix": 1,
              "mn": "ADBE Vector Group",
              "hd": false
            }
          ],
          "ip": 0,
          "op": 130.000005295009,
          "st": 10.0000004073083,
          "bm": 0
        },
        {
          "ddd": 0,
          "ind": 3,
          "ty": 3,
          "nm": "Null 2",
          "sr": 1,
          "ks": {
            "o": {
              "a": 0,
              "k": 0,
              "ix": 11
            },
            "r": {
              "a": 0,
              "k": 0,
              "ix": 10
            },
            "p": {
              "a": 0,
              "k": [
                35,
                50,
                0
              ],
              "ix": 2
            },
            "a": {
              "a": 0,
              "k": [
                0,
                0,
                0
              ],
              "ix": 1
            },
            "s": {
              "a": 0,
              "k": [
                100,
                100,
                100
              ],
              "ix": 6
            }
          },
          "ao": 0,
          "ip": 0,
          "op": 125.000005091354,
          "st": 5.00000020365417,
          "bm": 0
        },
        {
          "ddd": 0,
          "ind": 4,
          "ty": 4,
          "nm": "Shape Layer 2",
          "parent": 3,
          "sr": 1,
          "ks": {
            "o": {
              "a": 0,
              "k": 100,
              "ix": 11
            },
            "r": {
              "a": 0,
              "k": 0,
              "ix": 10
            },
            "p": {
              "a": 1,
              "k": [
                {
                  "i": {
                    "x": 0.833,
                    "y": 0.833
                  },
                  "o": {
                    "x": 0.608,
                    "y": 0
                  },
                  "t": 5,
                  "s": [
                    0,
                    -18,
                    0
                  ],
                  "to": [
                    0,
                    3,
                    0
                  ],
                  "ti": [
                    0,
                    0,
                    0
                  ]
                },
                {
                  "i": {
                    "x": 0.833,
                    "y": 0.833
                  },
                  "o": {
                    "x": 0.211,
                    "y": 0
                  },
                  "t": 15,
                  "s": [
                    0,
                    0,
                    0
                  ],
                  "to": [
                    0,
                    0,
                    0
                  ],
                  "ti": [
                    0,
                    0,
                    0
                  ]
                },
                {
                  "i": {
                    "x": 0.833,
                    "y": 0.833
                  },
                  "o": {
                    "x": 0.608,
                    "y": 0
                  },
                  "t": 25,
                  "s": [
                    0,
                    -18,
                    0
                  ],
                  "to": [
                    0,
                    0,
                    0
                  ],
                  "ti": [
                    0,
                    1.359,
                    0
                  ]
                },
                {
                  "i": {
                    "x": 0.833,
                    "y": 0.833
                  },
                  "o": {
                    "x": 0.211,
                    "y": 0
                  },
                  "t": 35,
                  "s": [
                    0,
                    0,
                    0
                  ],
                  "to": [
                    0,
                    -1.359,
                    0
                  ],
                  "ti": [
                    0,
                    -0.641,
                    0
                  ]
                },
                {
                  "i": {
                    "x": 0.833,
                    "y": 0.833
                  },
                  "o": {
                    "x": 0.608,
                    "y": 0
                  },
                  "t": 45,
                  "s": [
                    0,
                    -26.154,
                    0
                  ],
                  "to": [
                    0,
                    0.641,
                    0
                  ],
                  "ti": [
                    0,
                    0,
                    0
                  ]
                },
                {
                  "i": {
                    "x": 0.833,
                    "y": 0.833
                  },
                  "o": {
                    "x": 0.211,
                    "y": 0
                  },
                  "t": 55,
                  "s": [
                    0,
                    3.846,
                    0
                  ],
                  "to": [
                    0,
                    0,
                    0
                  ],
                  "ti": [
                    0,
                    0,
                    0
                  ]
                },
                {
                  "i": {
                    "x": 0.833,
                    "y": 0.833
                  },
                  "o": {
                    "x": 0.608,
                    "y": 0
                  },
                  "t": 65,
                  "s": [
                    0,
                    -26.154,
                    0
                  ],
                  "to": [
                    0,
                    0,
                    0
                  ],
                  "ti": [
                    0,
                    0,
                    0
                  ]
                },
                {
                  "i": {
                    "x": 0.833,
                    "y": 0.833
                  },
                  "o": {
                    "x": 0.211,
                    "y": 0
                  },
                  "t": 75,
                  "s": [
                    0,
                    3.846,
                    0
                  ],
                  "to": [
                    0,
                    0,
                    0
                  ],
                  "ti": [
                    0,
                    0,
                    0
                  ]
                },
                {
                  "i": {
                    "x": 0.833,
                    "y": 0.833
                  },
                  "o": {
                    "x": 0.608,
                    "y": 0
                  },
                  "t": 85,
                  "s": [
                    0,
                    -26.154,
                    0
                  ],
                  "to": [
                    0,
                    0,
                    0
                  ],
                  "ti": [
                    0,
                    0,
                    0
                  ]
                },
                {
                  "i": {
                    "x": 0.833,
                    "y": 0.833
                  },
                  "o": {
                    "x": 0.211,
                    "y": 0
                  },
                  "t": 95,
                  "s": [
                    0,
                    3.846,
                    0
                  ],
                  "to": [
                    0,
                    0,
                    0
                  ],
                  "ti": [
                    0,
                    0,
                    0
                  ]
                },
                {
                  "i": {
                    "x": 0.833,
                    "y": 0.833
                  },
                  "o": {
                    "x": 0.608,
                    "y": 0
                  },
                  "t": 105,
                  "s": [
                    0,
                    -26.154,
                    0
                  ],
                  "to": [
                    0,
                    0,
                    0
                  ],
                  "ti": [
                    0,
                    0,
                    0
                  ]
                },
                {
                  "i": {
                    "x": 0.833,
                    "y": 0.833
                  },
                  "o": {
                    "x": 0.211,
                    "y": 0
                  },
                  "t": 115,
                  "s": [
                    0,
                    3.846,
                    0
                  ],
                  "to": [
                    0,
                    0,
                    0
                  ],
                  "ti": [
                    0,
                    5,
                    0
                  ]
                },
                {
                  "t": 125.000005091354,
                  "s": [
                    0,
                    -26.154,
                    0
                  ]
                }
              ],
              "ix": 2
            },
            "a": {
              "a": 0,
              "k": [
                -1.273,
                4.366,
                0
              ],
              "ix": 1
            },
            "s": {
              "a": 1,
              "k": [
                {
                  "i": {
                    "x": [
                      0.22,
                      0.22,
                      0.833
                    ],
                    "y": [
                      1,
                      1,
                      1
                    ]
                  },
                  "o": {
                    "x": [
                      0.02,
                      0.02,
                      0.167
                    ],
                    "y": [
                      0,
                      0,
                      0
                    ]
                  },
                  "t": 15,
                  "s": [
                    100,
                    92,
                    100
                  ]
                },
                {
                  "i": {
                    "x": [
                      0.22,
                      0.22,
                      0.833
                    ],
                    "y": [
                      1,
                      1,
                      1
                    ]
                  },
                  "o": {
                    "x": [
                      0.02,
                      0.02,
                      0.167
                    ],
                    "y": [
                      0,
                      0,
                      0
                    ]
                  },
                  "t": 25,
                  "s": [
                    100,
                    100,
                    100
                  ]
                },
                {
                  "i": {
                    "x": [
                      0.22,
                      0.22,
                      0.833
                    ],
                    "y": [
                      1,
                      1,
                      1
                    ]
                  },
                  "o": {
                    "x": [
                      0.02,
                      0.02,
                      0.167
                    ],
                    "y": [
                      0,
                      0,
                      0
                    ]
                  },
                  "t": 35,
                  "s": [
                    100,
                    80,
                    100
                  ]
                },
                {
                  "i": {
                    "x": [
                      0.22,
                      0.22,
                      0.833
                    ],
                    "y": [
                      1,
                      1,
                      1
                    ]
                  },
                  "o": {
                    "x": [
                      0.02,
                      0.02,
                      0.167
                    ],
                    "y": [
                      0,
                      0,
                      0
                    ]
                  },
                  "t": 45,
                  "s": [
                    100,
                    100,
                    100
                  ]
                },
                {
                  "i": {
                    "x": [
                      0.22,
                      0.22,
                      0.833
                    ],
                    "y": [
                      1,
                      1,
                      1
                    ]
                  },
                  "o": {
                    "x": [
                      0.02,
                      0.02,
                      0.167
                    ],
                    "y": [
                      0,
                      0,
                      0
                    ]
                  },
                  "t": 55,
                  "s": [
                    100,
                    80,
                    100
                  ]
                },
                {
                  "t": 65.0000026475043,
                  "s": [
                    100,
                    100,
                    100
                  ]
                }
              ],
              "ix": 6
            }
          },
          "ao": 0,
          "shapes": [
            {
              "ty": "gr",
              "it": [
                {
                  "d": 1,
                  "ty": "el",
                  "s": {
                    "a": 0,
                    "k": [
                      4.501,
                      4.501
                    ],
                    "ix": 2
                  },
                  "p": {
                    "a": 0,
                    "k": [
                      0,
                      0
                    ],
                    "ix": 3
                  },
                  "nm": "Ellipse Path 1",
                  "mn": "ADBE Vector Shape - Ellipse",
                  "hd": false
                },
                {
                  "ty": "fl",
                  "c": {
                    "a": 0,
                    "k": [
                      0.913725490196,
                      0.329411764706,
                      0.329411764706,
                      1
                    ],
                    "ix": 4
                  },
                  "o": {
                    "a": 0,
                    "k": 100,
                    "ix": 5
                  },
                  "r": 1,
                  "bm": 0,
                  "nm": "Fill 1",
                  "mn": "ADBE Vector Graphic - Fill",
                  "hd": false
                },
                {
                  "ty": "tr",
                  "p": {
                    "a": 0,
                    "k": [
                      -1.273,
                      0.52
                    ],
                    "ix": 2
                  },
                  "a": {
                    "a": 0,
                    "k": [
                      0,
                      0
                    ],
                    "ix": 1
                  },
                  "s": {
                    "a": 0,
                    "k": [
                      170.881,
                      170.881
                    ],
                    "ix": 3
                  },
                  "r": {
                    "a": 0,
                    "k": 0,
                    "ix": 6
                  },
                  "o": {
                    "a": 0,
                    "k": 100,
                    "ix": 7
                  },
                  "sk": {
                    "a": 0,
                    "k": 0,
                    "ix": 4
                  },
                  "sa": {
                    "a": 0,
                    "k": 0,
                    "ix": 5
                  },
                  "nm": "Transform"
                }
              ],
              "nm": "Ellipse 1",
              "np": 3,
              "cix": 2,
              "bm": 0,
              "ix": 1,
              "mn": "ADBE Vector Group",
              "hd": false
            }
          ],
          "ip": 0,
          "op": 125.000005091354,
          "st": 5.00000020365417,
          "bm": 0
        },
        {
          "ddd": 0,
          "ind": 5,
          "ty": 4,
          "nm": "Shape Layer 1",
          "sr": 1,
          "ks": {
            "o": {
              "a": 0,
              "k": 100,
              "ix": 11
            },
            "r": {
              "a": 0,
              "k": 0,
              "ix": 10
            },
            "p": {
              "a": 1,
              "k": [
                {
                  "i": {
                    "x": 0.833,
                    "y": 0.833
                  },
                  "o": {
                    "x": 0.608,
                    "y": 0
                  },
                  "t": 0,
                  "s": [
                    50,
                    23.846,
                    0
                  ],
                  "to": [
                    0,
                    4.359,
                    0
                  ],
                  "ti": [
                    0,
                    -1.359,
                    0
                  ]
                },
                {
                  "i": {
                    "x": 0.833,
                    "y": 0.833
                  },
                  "o": {
                    "x": 0.211,
                    "y": 0
                  },
                  "t": 10,
                  "s": [
                    50,
                    50,
                    0
                  ],
                  "to": [
                    0,
                    1.359,
                    0
                  ],
                  "ti": [
                    0,
                    0,
                    0
                  ]
                },
                {
                  "i": {
                    "x": 0.833,
                    "y": 0.833
                  },
                  "o": {
                    "x": 0.608,
                    "y": 0
                  },
                  "t": 20,
                  "s": [
                    50,
                    32,
                    0
                  ],
                  "to": [
                    0,
                    0,
                    0
                  ],
                  "ti": [
                    0,
                    1.359,
                    0
                  ]
                },
                {
                  "i": {
                    "x": 0.833,
                    "y": 0.833
                  },
                  "o": {
                    "x": 0.211,
                    "y": 0
                  },
                  "t": 30,
                  "s": [
                    50,
                    50,
                    0
                  ],
                  "to": [
                    0,
                    -1.359,
                    0
                  ],
                  "ti": [
                    0,
                    -0.641,
                    0
                  ]
                },
                {
                  "i": {
                    "x": 0.833,
                    "y": 0.833
                  },
                  "o": {
                    "x": 0.608,
                    "y": 0
                  },
                  "t": 40,
                  "s": [
                    50,
                    23.846,
                    0
                  ],
                  "to": [
                    0,
                    0.641,
                    0
                  ],
                  "ti": [
                    0,
                    0,
                    0
                  ]
                },
                {
                  "i": {
                    "x": 0.833,
                    "y": 0.833
                  },
                  "o": {
                    "x": 0.211,
                    "y": 0
                  },
                  "t": 50,
                  "s": [
                    50,
                    53.846,
                    0
                  ],
                  "to": [
                    0,
                    0,
                    0
                  ],
                  "ti": [
                    0,
                    0,
                    0
                  ]
                },
                {
                  "i": {
                    "x": 0.833,
                    "y": 0.833
                  },
                  "o": {
                    "x": 0.608,
                    "y": 0
                  },
                  "t": 60,
                  "s": [
                    50,
                    23.846,
                    0
                  ],
                  "to": [
                    0,
                    0,
                    0
                  ],
                  "ti": [
                    0,
                    0,
                    0
                  ]
                },
                {
                  "i": {
                    "x": 0.833,
                    "y": 0.833
                  },
                  "o": {
                    "x": 0.211,
                    "y": 0
                  },
                  "t": 70,
                  "s": [
                    50,
                    53.846,
                    0
                  ],
                  "to": [
                    0,
                    0,
                    0
                  ],
                  "ti": [
                    0,
                    0,
                    0
                  ]
                },
                {
                  "i": {
                    "x": 0.833,
                    "y": 0.833
                  },
                  "o": {
                    "x": 0.608,
                    "y": 0
                  },
                  "t": 80,
                  "s": [
                    50,
                    23.846,
                    0
                  ],
                  "to": [
                    0,
                    0,
                    0
                  ],
                  "ti": [
                    0,
                    0,
                    0
                  ]
                },
                {
                  "i": {
                    "x": 0.833,
                    "y": 0.833
                  },
                  "o": {
                    "x": 0.211,
                    "y": 0
                  },
                  "t": 90,
                  "s": [
                    50,
                    53.846,
                    0
                  ],
                  "to": [
                    0,
                    0,
                    0
                  ],
                  "ti": [
                    0,
                    0,
                    0
                  ]
                },
                {
                  "i": {
                    "x": 0.833,
                    "y": 0.833
                  },
                  "o": {
                    "x": 0.608,
                    "y": 0
                  },
                  "t": 100,
                  "s": [
                    50,
                    23.846,
                    0
                  ],
                  "to": [
                    0,
                    0,
                    0
                  ],
                  "ti": [
                    0,
                    0,
                    0
                  ]
                },
                {
                  "i": {
                    "x": 0.833,
                    "y": 0.833
                  },
                  "o": {
                    "x": 0.211,
                    "y": 0
                  },
                  "t": 110,
                  "s": [
                    50,
                    53.846,
                    0
                  ],
                  "to": [
                    0,
                    0,
                    0
                  ],
                  "ti": [
                    0,
                    5,
                    0
                  ]
                },
                {
                  "t": 120.0000048877,
                  "s": [
                    50,
                    23.846,
                    0
                  ]
                }
              ],
              "ix": 2
            },
            "a": {
              "a": 0,
              "k": [
                -1.273,
                4.366,
                0
              ],
              "ix": 1
            },
            "s": {
              "a": 1,
              "k": [
                {
                  "i": {
                    "x": [
                      0.22,
                      0.22,
                      0.833
                    ],
                    "y": [
                      1,
                      1,
                      1
                    ]
                  },
                  "o": {
                    "x": [
                      0.02,
                      0.02,
                      0.167
                    ],
                    "y": [
                      0,
                      0,
                      0
                    ]
                  },
                  "t": 0,
                  "s": [
                    100,
                    100,
                    100
                  ]
                },
                {
                  "i": {
                    "x": [
                      0.22,
                      0.22,
                      0.833
                    ],
                    "y": [
                      1,
                      1,
                      1
                    ]
                  },
                  "o": {
                    "x": [
                      0.02,
                      0.02,
                      0.167
                    ],
                    "y": [
                      0,
                      0,
                      0
                    ]
                  },
                  "t": 10,
                  "s": [
                    100,
                    92,
                    100
                  ]
                },
                {
                  "i": {
                    "x": [
                      0.22,
                      0.22,
                      0.833
                    ],
                    "y": [
                      1,
                      1,
                      1
                    ]
                  },
                  "o": {
                    "x": [
                      0.02,
                      0.02,
                      0.167
                    ],
                    "y": [
                      0,
                      0,
                      0
                    ]
                  },
                  "t": 20,
                  "s": [
                    100,
                    100,
                    100
                  ]
                },
                {
                  "i": {
                    "x": [
                      0.22,
                      0.22,
                      0.833
                    ],
                    "y": [
                      1,
                      1,
                      1
                    ]
                  },
                  "o": {
                    "x": [
                      0.02,
                      0.02,
                      0.167
                    ],
                    "y": [
                      0,
                      0,
                      0
                    ]
                  },
                  "t": 30,
                  "s": [
                    100,
                    92,
                    100
                  ]
                },
                {
                  "i": {
                    "x": [
                      0.22,
                      0.22,
                      0.833
                    ],
                    "y": [
                      1,
                      1,
                      1
                    ]
                  },
                  "o": {
                    "x": [
                      0.02,
                      0.02,
                      0.167
                    ],
                    "y": [
                      0,
                      0,
                      0
                    ]
                  },
                  "t": 40,
                  "s": [
                    100,
                    100,
                    100
                  ]
                },
                {
                  "i": {
                    "x": [
                      0.22,
                      0.22,
                      0.833
                    ],
                    "y": [
                      1,
                      1,
                      1
                    ]
                  },
                  "o": {
                    "x": [
                      0.02,
                      0.02,
                      0.167
                    ],
                    "y": [
                      0,
                      0,
                      0
                    ]
                  },
                  "t": 50,
                  "s": [
                    100,
                    80,
                    100
                  ]
                },
                {
                  "i": {
                    "x": [
                      0.22,
                      0.22,
                      0.833
                    ],
                    "y": [
                      1,
                      1,
                      1
                    ]
                  },
                  "o": {
                    "x": [
                      0.02,
                      0.02,
                      0.167
                    ],
                    "y": [
                      0,
                      0,
                      0
                    ]
                  },
                  "t": 60,
                  "s": [
                    100,
                    100,
                    100
                  ]
                },
                {
                  "t": 70.0000028511585,
                  "s": [
                    100,
                    80,
                    100
                  ]
                }
              ],
              "ix": 6
            }
          },
          "ao": 0,
          "shapes": [
            {
              "ty": "gr",
              "it": [
                {
                  "d": 1,
                  "ty": "el",
                  "s": {
                    "a": 0,
                    "k": [
                      4.501,
                      4.501
                    ],
                    "ix": 2
                  },
                  "p": {
                    "a": 0,
                    "k": [
                      0,
                      0
                    ],
                    "ix": 3
                  },
                  "nm": "Ellipse Path 1",
                  "mn": "ADBE Vector Shape - Ellipse",
                  "hd": false
                },
                {
                  "ty": "fl",
                  "c": {
                    "a": 0,
                    "k": [
                      0.913725490196,
                      0.329411764706,
                      0.329411764706,
                      1
                    ],
                    "ix": 4
                  },
                  "o": {
                    "a": 0,
                    "k": 100,
                    "ix": 5
                  },
                  "r": 1,
                  "bm": 0,
                  "nm": "Fill 1",
                  "mn": "ADBE Vector Graphic - Fill",
                  "hd": false
                },
                {
                  "ty": "tr",
                  "p": {
                    "a": 0,
                    "k": [
                      -1.273,
                      0.52
                    ],
                    "ix": 2
                  },
                  "a": {
                    "a": 0,
                    "k": [
                      0,
                      0
                    ],
                    "ix": 1
                  },
                  "s": {
                    "a": 0,
                    "k": [
                      170.881,
                      170.881
                    ],
                    "ix": 3
                  },
                  "r": {
                    "a": 0,
                    "k": 0,
                    "ix": 6
                  },
                  "o": {
                    "a": 0,
                    "k": 100,
                    "ix": 7
                  },
                  "sk": {
                    "a": 0,
                    "k": 0,
                    "ix": 4
                  },
                  "sa": {
                    "a": 0,
                    "k": 0,
                    "ix": 5
                  },
                  "nm": "Transform"
                }
              ],
              "nm": "Ellipse 1",
              "np": 3,
              "cix": 2,
              "bm": 0,
              "ix": 1,
              "mn": "ADBE Vector Group",
              "hd": false
            }
          ],
          "ip": 0,
          "op": 120.0000048877,
          "st": 0,
          "bm": 0
        }
      ]
    }
  ],
  "layers": [
    {
      "ddd": 0,
      "ind": 1,
      "ty": 0,
      "nm": "Loader",
      "refId": "comp_0",
      "sr": 1,
      "ks": {
        "o": {
          "a": 0,
          "k": 100,
          "ix": 11
        },
        "r": {
          "a": 0,
          "k": 0,
          "ix": 10
        },
        "p": {
          "a": 0,
          "k": [
            51,
            63,
            0
          ],
          "ix": 2
        },
        "a": {
          "a": 0,
          "k": [
            50,
            50,
            0
          ],
          "ix": 1
        },
        "s": {
          "a": 0,
          "k": [
            100,
            100,
            100
          ],
          "ix": 6
        }
      },
      "ao": 0,
      "w": 100,
      "h": 100,
      "ip": 0,
      "op": 120.0000048877,
      "st": 0,
      "bm": 0
    }
  ],
  "markers": []
}