{"v":"5.6.1","fr":25,"ip":0,"op":400,"w":1280,"h":800,"nm":"Comp 2","ddd":0,"assets":[{"id":"comp_0","layers":[{"ddd":0,"ind":1,"ty":4,"nm":"Shape Layer 1","sr":1,"ks":{"o":{"a":1,"k":[{"i":{"x":[0.833],"y":[0.833]},"o":{"x":[0.167],"y":[0.167]},"t":0,"s":[0]},{"i":{"x":[0.833],"y":[0.833]},"o":{"x":[0.167],"y":[0.167]},"t":20,"s":[100]},{"i":{"x":[0.833],"y":[0.833]},"o":{"x":[0.167],"y":[0.167]},"t":143,"s":[100]},{"t":155,"s":[0]}],"ix":11},"r":{"a":0,"k":0,"ix":10},"p":{"a":1,"k":[{"i":{"x":0.833,"y":0.833},"o":{"x":0.167,"y":0.167},"t":2,"s":[88.971,687.971,0],"to":[51.333,-100.667,0],"ti":[16.421,71.549,0]},{"i":{"x":0.833,"y":0.833},"o":{"x":0.167,"y":0.167},"t":50,"s":[108.971,467.971,0],"to":[-18.667,-81.333,0],"ti":[-30.15,56.094,0]},{"i":{"x":0.833,"y":0.833},"o":{"x":0.167,"y":0.167},"t":100,"s":[108.971,247.971,0],"to":[28.667,-53.333,0],"ti":[-6.667,26.667,0]},{"t":150,"s":[148.971,87.971,0]}],"ix":2},"a":{"a":0,"k":[-537.029,335.971,0],"ix":1},"s":{"a":0,"k":[22,22,100],"ix":6}},"ao":0,"shapes":[{"ty":"gr","it":[{"ind":0,"ty":"sh","ix":1,"ks":{"a":0,"k":{"i":[[7.716,0],[0,-7.716],[-7.716,0],[0,7.716]],"o":[[-7.716,0],[0,7.716],[7.716,0],[0,-7.716]],"v":[[0,-13.971],[-13.971,0],[0,13.971],[13.971,0]],"c":true},"ix":2},"nm":"Path 1","mn":"ADBE Vector Shape - Group","hd":false},{"ty":"st","c":{"a":1,"k":[{"i":{"x":[0.833],"y":[0.833]},"o":{"x":[0.167],"y":[0.167]},"t":9,"s":[0.972549019608,0.619607843137,0.494117647059,1]},{"i":{"x":[0.833],"y":[0.833]},"o":{"x":[0.167],"y":[0.167]},"t":46,"s":[1,1,1,1]},{"i":{"x":[0.833],"y":[0.833]},"o":{"x":[0.167],"y":[0.167]},"t":78,"s":[0.972549019608,0.619607843137,0.494117647059,1]},{"t":120,"s":[1,1,1,1]}],"ix":3},"o":{"a":0,"k":100,"ix":4},"w":{"a":0,"k":3,"ix":5},"lc":1,"lj":1,"ml":4,"bm":0,"nm":"Stroke 1","mn":"ADBE Vector Graphic - Stroke","hd":false},{"ty":"tr","p":{"a":0,"k":[-537.029,335.971],"ix":2},"a":{"a":0,"k":[0,0],"ix":1},"s":{"a":0,"k":[327.207,327.207],"ix":3},"r":{"a":0,"k":0,"ix":6},"o":{"a":0,"k":100,"ix":7},"sk":{"a":0,"k":0,"ix":4},"sa":{"a":0,"k":0,"ix":5},"nm":"Transform"}],"nm":"Ellipse 1","np":3,"cix":2,"bm":0,"ix":1,"mn":"ADBE Vector Group","hd":false}],"ip":0,"op":175,"st":0,"bm":0}]}],"layers":[{"ddd":0,"ind":1,"ty":4,"nm":"Shape Layer 1","sr":1,"ks":{"o":{"a":0,"k":100,"ix":11},"r":{"a":0,"k":0,"ix":10},"p":{"a":0,"k":[640,400,0],"ix":2},"a":{"a":0,"k":[0,0,0],"ix":1},"s":{"a":0,"k":[100,100,100],"ix":6}},"ao":0,"shapes":[{"ty":"gr","it":[{"d":1,"ty":"el","s":{"a":0,"k":[157.727,169.391],"ix":2},"p":{"a":0,"k":[0,0],"ix":3},"nm":"Ellipse Path 1","mn":"ADBE Vector Shape - Ellipse","hd":false},{"ty":"st","c":{"a":0,"k":[1,1,1,1],"ix":3},"o":{"a":0,"k":100,"ix":4},"w":{"a":0,"k":3,"ix":5},"lc":1,"lj":1,"ml":4,"bm":0,"nm":"Stroke 1","mn":"ADBE Vector Graphic - Stroke","hd":false},{"ty":"tr","p":{"a":0,"k":[-341.137,60.695],"ix":2},"a":{"a":0,"k":[0,0],"ix":1},"s":{"a":0,"k":[100,100],"ix":3},"r":{"a":0,"k":0,"ix":6},"o":{"a":0,"k":100,"ix":7},"sk":{"a":0,"k":0,"ix":4},"sa":{"a":0,"k":0,"ix":5},"nm":"Transform"}],"nm":"Ellipse 1","np":3,"cix":2,"bm":0,"ix":1,"mn":"ADBE Vector Group","hd":false}],"ip":-75,"op":0,"st":-402,"bm":0},{"ddd":0,"ind":2,"ty":0,"nm":"movement-single","refId":"comp_0","sr":1,"ks":{"o":{"a":0,"k":100,"ix":11},"r":{"a":0,"k":0,"ix":10},"p":{"a":0,"k":[1660,420,0],"ix":2},"a":{"a":0,"k":[640,400,0],"ix":1},"s":{"a":0,"k":[100,100,100],"ix":6}},"ao":0,"w":1280,"h":800,"ip":-75,"op":100,"st":-75,"bm":0},{"ddd":0,"ind":3,"ty":0,"nm":"movement-single","refId":"comp_0","sr":1,"ks":{"o":{"a":0,"k":100,"ix":11},"r":{"a":0,"k":0,"ix":10},"p":{"a":0,"k":[1540,380,0],"ix":2},"a":{"a":0,"k":[640,400,0],"ix":1},"s":{"a":0,"k":[100,100,100],"ix":6}},"ao":0,"w":1280,"h":800,"ip":-56,"op":119,"st":-56,"bm":0},{"ddd":0,"ind":4,"ty":0,"nm":"movement-single","refId":"comp_0","sr":1,"ks":{"o":{"a":0,"k":100,"ix":11},"r":{"a":0,"k":0,"ix":10},"p":{"a":0,"k":[1320,460,0],"ix":2},"a":{"a":0,"k":[640,400,0],"ix":1},"s":{"a":0,"k":[100,100,100],"ix":6}},"ao":0,"w":1280,"h":800,"ip":-54,"op":121,"st":-54,"bm":0},{"ddd":0,"ind":5,"ty":0,"nm":"movement-single","refId":"comp_0","sr":1,"ks":{"o":{"a":0,"k":100,"ix":11},"r":{"a":0,"k":0,"ix":10},"p":{"a":0,"k":[1100,380,0],"ix":2},"a":{"a":0,"k":[640,400,0],"ix":1},"s":{"a":0,"k":[100,100,100],"ix":6}},"ao":0,"w":1280,"h":800,"ip":-66,"op":109,"st":-66,"bm":0},{"ddd":0,"ind":6,"ty":0,"nm":"movement-single","refId":"comp_0","sr":1,"ks":{"o":{"a":0,"k":100,"ix":11},"r":{"a":0,"k":0,"ix":10},"p":{"a":0,"k":[960,480,0],"ix":2},"a":{"a":0,"k":[640,400,0],"ix":1},"s":{"a":0,"k":[100,100,100],"ix":6}},"ao":0,"w":1280,"h":800,"ip":-61,"op":114,"st":-61,"bm":0},{"ddd":0,"ind":7,"ty":0,"nm":"movement-single","refId":"comp_0","sr":1,"ks":{"o":{"a":0,"k":100,"ix":11},"r":{"a":0,"k":0,"ix":10},"p":{"a":0,"k":[840,300,0],"ix":2},"a":{"a":0,"k":[640,400,0],"ix":1},"s":{"a":0,"k":[100,100,100],"ix":6}},"ao":0,"w":1280,"h":800,"ip":-71,"op":104,"st":-71,"bm":0},{"ddd":0,"ind":8,"ty":0,"nm":"movement-single","refId":"comp_0","sr":1,"ks":{"o":{"a":0,"k":100,"ix":11},"r":{"a":0,"k":0,"ix":10},"p":{"a":0,"k":[640,400,0],"ix":2},"a":{"a":0,"k":[640,400,0],"ix":1},"s":{"a":0,"k":[100,100,100],"ix":6}},"ao":0,"w":1280,"h":800,"ip":-79,"op":96,"st":-79,"bm":0},{"ddd":0,"ind":9,"ty":0,"nm":"movement-single","refId":"comp_0","sr":1,"ks":{"o":{"a":0,"k":100,"ix":11},"r":{"a":0,"k":0,"ix":10},"p":{"a":0,"k":[1660,420,0],"ix":2},"a":{"a":0,"k":[640,400,0],"ix":1},"s":{"a":0,"k":[100,100,100],"ix":6}},"ao":0,"w":1280,"h":800,"ip":-133,"op":42,"st":-133,"bm":0},{"ddd":0,"ind":10,"ty":0,"nm":"movement-single","refId":"comp_0","sr":1,"ks":{"o":{"a":0,"k":100,"ix":11},"r":{"a":0,"k":0,"ix":10},"p":{"a":0,"k":[1540,380,0],"ix":2},"a":{"a":0,"k":[640,400,0],"ix":1},"s":{"a":0,"k":[100,100,100],"ix":6}},"ao":0,"w":1280,"h":800,"ip":-114,"op":61,"st":-114,"bm":0},{"ddd":0,"ind":11,"ty":0,"nm":"movement-single","refId":"comp_0","sr":1,"ks":{"o":{"a":0,"k":100,"ix":11},"r":{"a":0,"k":0,"ix":10},"p":{"a":0,"k":[1320,460,0],"ix":2},"a":{"a":0,"k":[640,400,0],"ix":1},"s":{"a":0,"k":[100,100,100],"ix":6}},"ao":0,"w":1280,"h":800,"ip":-112,"op":63,"st":-112,"bm":0},{"ddd":0,"ind":12,"ty":0,"nm":"movement-single","refId":"comp_0","sr":1,"ks":{"o":{"a":0,"k":100,"ix":11},"r":{"a":0,"k":0,"ix":10},"p":{"a":0,"k":[1100,380,0],"ix":2},"a":{"a":0,"k":[640,400,0],"ix":1},"s":{"a":0,"k":[100,100,100],"ix":6}},"ao":0,"w":1280,"h":800,"ip":-124,"op":51,"st":-124,"bm":0},{"ddd":0,"ind":13,"ty":0,"nm":"movement-single","refId":"comp_0","sr":1,"ks":{"o":{"a":0,"k":100,"ix":11},"r":{"a":0,"k":0,"ix":10},"p":{"a":0,"k":[960,480,0],"ix":2},"a":{"a":0,"k":[640,400,0],"ix":1},"s":{"a":0,"k":[100,100,100],"ix":6}},"ao":0,"w":1280,"h":800,"ip":-119,"op":56,"st":-119,"bm":0},{"ddd":0,"ind":14,"ty":0,"nm":"movement-single","refId":"comp_0","sr":1,"ks":{"o":{"a":0,"k":100,"ix":11},"r":{"a":0,"k":0,"ix":10},"p":{"a":0,"k":[840,300,0],"ix":2},"a":{"a":0,"k":[640,400,0],"ix":1},"s":{"a":0,"k":[100,100,100],"ix":6}},"ao":0,"w":1280,"h":800,"ip":-129,"op":46,"st":-129,"bm":0},{"ddd":0,"ind":15,"ty":0,"nm":"movement-single","refId":"comp_0","sr":1,"ks":{"o":{"a":0,"k":100,"ix":11},"r":{"a":0,"k":0,"ix":10},"p":{"a":0,"k":[640,400,0],"ix":2},"a":{"a":0,"k":[640,400,0],"ix":1},"s":{"a":0,"k":[100,100,100],"ix":6}},"ao":0,"w":1280,"h":800,"ip":-137,"op":38,"st":-137,"bm":0},{"ddd":0,"ind":16,"ty":0,"nm":"movement-single","refId":"comp_0","sr":1,"ks":{"o":{"a":0,"k":100,"ix":11},"r":{"a":0,"k":0,"ix":10},"p":{"a":0,"k":[1320,460,0],"ix":2},"a":{"a":0,"k":[640,400,0],"ix":1},"s":{"a":0,"k":[100,100,100],"ix":6}},"ao":0,"w":1280,"h":800,"ip":-174,"op":1,"st":-174,"bm":0},{"ddd":0,"ind":17,"ty":0,"nm":"movement-single","refId":"comp_0","sr":1,"ks":{"o":{"a":0,"k":100,"ix":11},"r":{"a":0,"k":0,"ix":10},"p":{"a":0,"k":[1660,420,0],"ix":2},"a":{"a":0,"k":[640,400,0],"ix":1},"s":{"a":0,"k":[100,100,100],"ix":6}},"ao":0,"w":1280,"h":800,"ip":327,"op":502,"st":327,"bm":0},{"ddd":0,"ind":18,"ty":0,"nm":"movement-single","refId":"comp_0","sr":1,"ks":{"o":{"a":0,"k":100,"ix":11},"r":{"a":0,"k":0,"ix":10},"p":{"a":0,"k":[1540,380,0],"ix":2},"a":{"a":0,"k":[640,400,0],"ix":1},"s":{"a":0,"k":[100,100,100],"ix":6}},"ao":0,"w":1280,"h":800,"ip":346,"op":521,"st":346,"bm":0},{"ddd":0,"ind":19,"ty":0,"nm":"movement-single","refId":"comp_0","sr":1,"ks":{"o":{"a":0,"k":100,"ix":11},"r":{"a":0,"k":0,"ix":10},"p":{"a":0,"k":[1320,460,0],"ix":2},"a":{"a":0,"k":[640,400,0],"ix":1},"s":{"a":0,"k":[100,100,100],"ix":6}},"ao":0,"w":1280,"h":800,"ip":348,"op":523,"st":348,"bm":0},{"ddd":0,"ind":20,"ty":0,"nm":"movement-single","refId":"comp_0","sr":1,"ks":{"o":{"a":0,"k":100,"ix":11},"r":{"a":0,"k":0,"ix":10},"p":{"a":0,"k":[1100,380,0],"ix":2},"a":{"a":0,"k":[640,400,0],"ix":1},"s":{"a":0,"k":[100,100,100],"ix":6}},"ao":0,"w":1280,"h":800,"ip":336,"op":511,"st":336,"bm":0},{"ddd":0,"ind":21,"ty":0,"nm":"movement-single","refId":"comp_0","sr":1,"ks":{"o":{"a":0,"k":100,"ix":11},"r":{"a":0,"k":0,"ix":10},"p":{"a":0,"k":[960,480,0],"ix":2},"a":{"a":0,"k":[640,400,0],"ix":1},"s":{"a":0,"k":[100,100,100],"ix":6}},"ao":0,"w":1280,"h":800,"ip":341,"op":516,"st":341,"bm":0},{"ddd":0,"ind":22,"ty":0,"nm":"movement-single","refId":"comp_0","sr":1,"ks":{"o":{"a":0,"k":100,"ix":11},"r":{"a":0,"k":0,"ix":10},"p":{"a":0,"k":[840,300,0],"ix":2},"a":{"a":0,"k":[640,400,0],"ix":1},"s":{"a":0,"k":[100,100,100],"ix":6}},"ao":0,"w":1280,"h":800,"ip":331,"op":506,"st":331,"bm":0},{"ddd":0,"ind":23,"ty":0,"nm":"movement-single","refId":"comp_0","sr":1,"ks":{"o":{"a":0,"k":100,"ix":11},"r":{"a":0,"k":0,"ix":10},"p":{"a":0,"k":[640,400,0],"ix":2},"a":{"a":0,"k":[640,400,0],"ix":1},"s":{"a":0,"k":[100,100,100],"ix":6}},"ao":0,"w":1280,"h":800,"ip":323,"op":498,"st":323,"bm":0},{"ddd":0,"ind":24,"ty":0,"nm":"movement-single","refId":"comp_0","sr":1,"ks":{"o":{"a":0,"k":100,"ix":11},"r":{"a":0,"k":0,"ix":10},"p":{"a":0,"k":[1660,420,0],"ix":2},"a":{"a":0,"k":[640,400,0],"ix":1},"s":{"a":0,"k":[100,100,100],"ix":6}},"ao":0,"w":1280,"h":800,"ip":269,"op":444,"st":269,"bm":0},{"ddd":0,"ind":25,"ty":0,"nm":"movement-single","refId":"comp_0","sr":1,"ks":{"o":{"a":0,"k":100,"ix":11},"r":{"a":0,"k":0,"ix":10},"p":{"a":0,"k":[1540,380,0],"ix":2},"a":{"a":0,"k":[640,400,0],"ix":1},"s":{"a":0,"k":[100,100,100],"ix":6}},"ao":0,"w":1280,"h":800,"ip":288,"op":463,"st":288,"bm":0},{"ddd":0,"ind":26,"ty":0,"nm":"movement-single","refId":"comp_0","sr":1,"ks":{"o":{"a":0,"k":100,"ix":11},"r":{"a":0,"k":0,"ix":10},"p":{"a":0,"k":[1320,460,0],"ix":2},"a":{"a":0,"k":[640,400,0],"ix":1},"s":{"a":0,"k":[100,100,100],"ix":6}},"ao":0,"w":1280,"h":800,"ip":290,"op":465,"st":290,"bm":0},{"ddd":0,"ind":27,"ty":0,"nm":"movement-single","refId":"comp_0","sr":1,"ks":{"o":{"a":0,"k":100,"ix":11},"r":{"a":0,"k":0,"ix":10},"p":{"a":0,"k":[1100,380,0],"ix":2},"a":{"a":0,"k":[640,400,0],"ix":1},"s":{"a":0,"k":[100,100,100],"ix":6}},"ao":0,"w":1280,"h":800,"ip":278,"op":453,"st":278,"bm":0},{"ddd":0,"ind":28,"ty":0,"nm":"movement-single","refId":"comp_0","sr":1,"ks":{"o":{"a":0,"k":100,"ix":11},"r":{"a":0,"k":0,"ix":10},"p":{"a":0,"k":[960,480,0],"ix":2},"a":{"a":0,"k":[640,400,0],"ix":1},"s":{"a":0,"k":[100,100,100],"ix":6}},"ao":0,"w":1280,"h":800,"ip":283,"op":458,"st":283,"bm":0},{"ddd":0,"ind":29,"ty":0,"nm":"movement-single","refId":"comp_0","sr":1,"ks":{"o":{"a":0,"k":100,"ix":11},"r":{"a":0,"k":0,"ix":10},"p":{"a":0,"k":[840,300,0],"ix":2},"a":{"a":0,"k":[640,400,0],"ix":1},"s":{"a":0,"k":[100,100,100],"ix":6}},"ao":0,"w":1280,"h":800,"ip":273,"op":448,"st":273,"bm":0},{"ddd":0,"ind":30,"ty":0,"nm":"movement-single","refId":"comp_0","sr":1,"ks":{"o":{"a":0,"k":100,"ix":11},"r":{"a":0,"k":0,"ix":10},"p":{"a":0,"k":[640,400,0],"ix":2},"a":{"a":0,"k":[640,400,0],"ix":1},"s":{"a":0,"k":[100,100,100],"ix":6}},"ao":0,"w":1280,"h":800,"ip":265,"op":440,"st":265,"bm":0},{"ddd":0,"ind":31,"ty":0,"nm":"movement-single","refId":"comp_0","sr":1,"ks":{"o":{"a":0,"k":100,"ix":11},"r":{"a":0,"k":0,"ix":10},"p":{"a":0,"k":[1660,420,0],"ix":2},"a":{"a":0,"k":[640,400,0],"ix":1},"s":{"a":0,"k":[100,100,100],"ix":6}},"ao":0,"w":1280,"h":800,"ip":207,"op":382,"st":207,"bm":0},{"ddd":0,"ind":32,"ty":0,"nm":"movement-single","refId":"comp_0","sr":1,"ks":{"o":{"a":0,"k":100,"ix":11},"r":{"a":0,"k":0,"ix":10},"p":{"a":0,"k":[1540,380,0],"ix":2},"a":{"a":0,"k":[640,400,0],"ix":1},"s":{"a":0,"k":[100,100,100],"ix":6}},"ao":0,"w":1280,"h":800,"ip":226,"op":401,"st":226,"bm":0},{"ddd":0,"ind":33,"ty":0,"nm":"movement-single","refId":"comp_0","sr":1,"ks":{"o":{"a":0,"k":100,"ix":11},"r":{"a":0,"k":0,"ix":10},"p":{"a":0,"k":[1320,460,0],"ix":2},"a":{"a":0,"k":[640,400,0],"ix":1},"s":{"a":0,"k":[100,100,100],"ix":6}},"ao":0,"w":1280,"h":800,"ip":228,"op":403,"st":228,"bm":0},{"ddd":0,"ind":34,"ty":0,"nm":"movement-single","refId":"comp_0","sr":1,"ks":{"o":{"a":0,"k":100,"ix":11},"r":{"a":0,"k":0,"ix":10},"p":{"a":0,"k":[1100,380,0],"ix":2},"a":{"a":0,"k":[640,400,0],"ix":1},"s":{"a":0,"k":[100,100,100],"ix":6}},"ao":0,"w":1280,"h":800,"ip":216,"op":391,"st":216,"bm":0},{"ddd":0,"ind":35,"ty":0,"nm":"movement-single","refId":"comp_0","sr":1,"ks":{"o":{"a":0,"k":100,"ix":11},"r":{"a":0,"k":0,"ix":10},"p":{"a":0,"k":[960,480,0],"ix":2},"a":{"a":0,"k":[640,400,0],"ix":1},"s":{"a":0,"k":[100,100,100],"ix":6}},"ao":0,"w":1280,"h":800,"ip":221,"op":396,"st":221,"bm":0},{"ddd":0,"ind":36,"ty":0,"nm":"movement-single","refId":"comp_0","sr":1,"ks":{"o":{"a":0,"k":100,"ix":11},"r":{"a":0,"k":0,"ix":10},"p":{"a":0,"k":[840,300,0],"ix":2},"a":{"a":0,"k":[640,400,0],"ix":1},"s":{"a":0,"k":[100,100,100],"ix":6}},"ao":0,"w":1280,"h":800,"ip":211,"op":386,"st":211,"bm":0},{"ddd":0,"ind":37,"ty":0,"nm":"movement-single","refId":"comp_0","sr":1,"ks":{"o":{"a":0,"k":100,"ix":11},"r":{"a":0,"k":0,"ix":10},"p":{"a":0,"k":[640,400,0],"ix":2},"a":{"a":0,"k":[640,400,0],"ix":1},"s":{"a":0,"k":[100,100,100],"ix":6}},"ao":0,"w":1280,"h":800,"ip":203,"op":378,"st":203,"bm":0},{"ddd":0,"ind":38,"ty":0,"nm":"movement-single","refId":"comp_0","sr":1,"ks":{"o":{"a":0,"k":100,"ix":11},"r":{"a":0,"k":0,"ix":10},"p":{"a":0,"k":[1660,420,0],"ix":2},"a":{"a":0,"k":[640,400,0],"ix":1},"s":{"a":0,"k":[100,100,100],"ix":6}},"ao":0,"w":1280,"h":800,"ip":147,"op":322,"st":147,"bm":0},{"ddd":0,"ind":39,"ty":0,"nm":"movement-single","refId":"comp_0","sr":1,"ks":{"o":{"a":0,"k":100,"ix":11},"r":{"a":0,"k":0,"ix":10},"p":{"a":0,"k":[1540,380,0],"ix":2},"a":{"a":0,"k":[640,400,0],"ix":1},"s":{"a":0,"k":[100,100,100],"ix":6}},"ao":0,"w":1280,"h":800,"ip":166,"op":341,"st":166,"bm":0},{"ddd":0,"ind":40,"ty":0,"nm":"movement-single","refId":"comp_0","sr":1,"ks":{"o":{"a":0,"k":100,"ix":11},"r":{"a":0,"k":0,"ix":10},"p":{"a":0,"k":[1320,460,0],"ix":2},"a":{"a":0,"k":[640,400,0],"ix":1},"s":{"a":0,"k":[100,100,100],"ix":6}},"ao":0,"w":1280,"h":800,"ip":168,"op":343,"st":168,"bm":0},{"ddd":0,"ind":41,"ty":0,"nm":"movement-single","refId":"comp_0","sr":1,"ks":{"o":{"a":0,"k":100,"ix":11},"r":{"a":0,"k":0,"ix":10},"p":{"a":0,"k":[1100,380,0],"ix":2},"a":{"a":0,"k":[640,400,0],"ix":1},"s":{"a":0,"k":[100,100,100],"ix":6}},"ao":0,"w":1280,"h":800,"ip":156,"op":331,"st":156,"bm":0},{"ddd":0,"ind":42,"ty":0,"nm":"movement-single","refId":"comp_0","sr":1,"ks":{"o":{"a":0,"k":100,"ix":11},"r":{"a":0,"k":0,"ix":10},"p":{"a":0,"k":[960,480,0],"ix":2},"a":{"a":0,"k":[640,400,0],"ix":1},"s":{"a":0,"k":[100,100,100],"ix":6}},"ao":0,"w":1280,"h":800,"ip":161,"op":336,"st":161,"bm":0},{"ddd":0,"ind":43,"ty":0,"nm":"movement-single","refId":"comp_0","sr":1,"ks":{"o":{"a":0,"k":100,"ix":11},"r":{"a":0,"k":0,"ix":10},"p":{"a":0,"k":[840,300,0],"ix":2},"a":{"a":0,"k":[640,400,0],"ix":1},"s":{"a":0,"k":[100,100,100],"ix":6}},"ao":0,"w":1280,"h":800,"ip":151,"op":326,"st":151,"bm":0},{"ddd":0,"ind":44,"ty":0,"nm":"movement-single","refId":"comp_0","sr":1,"ks":{"o":{"a":0,"k":100,"ix":11},"r":{"a":0,"k":0,"ix":10},"p":{"a":0,"k":[640,400,0],"ix":2},"a":{"a":0,"k":[640,400,0],"ix":1},"s":{"a":0,"k":[100,100,100],"ix":6}},"ao":0,"w":1280,"h":800,"ip":143,"op":318,"st":143,"bm":0},{"ddd":0,"ind":45,"ty":0,"nm":"movement-single","refId":"comp_0","sr":1,"ks":{"o":{"a":0,"k":100,"ix":11},"r":{"a":0,"k":0,"ix":10},"p":{"a":0,"k":[1660,420,0],"ix":2},"a":{"a":0,"k":[640,400,0],"ix":1},"s":{"a":0,"k":[100,100,100],"ix":6}},"ao":0,"w":1280,"h":800,"ip":75,"op":250,"st":75,"bm":0},{"ddd":0,"ind":46,"ty":0,"nm":"movement-single","refId":"comp_0","sr":1,"ks":{"o":{"a":0,"k":100,"ix":11},"r":{"a":0,"k":0,"ix":10},"p":{"a":0,"k":[1540,380,0],"ix":2},"a":{"a":0,"k":[640,400,0],"ix":1},"s":{"a":0,"k":[100,100,100],"ix":6}},"ao":0,"w":1280,"h":800,"ip":94,"op":269,"st":94,"bm":0},{"ddd":0,"ind":47,"ty":0,"nm":"movement-single","refId":"comp_0","sr":1,"ks":{"o":{"a":0,"k":100,"ix":11},"r":{"a":0,"k":0,"ix":10},"p":{"a":0,"k":[1320,460,0],"ix":2},"a":{"a":0,"k":[640,400,0],"ix":1},"s":{"a":0,"k":[100,100,100],"ix":6}},"ao":0,"w":1280,"h":800,"ip":96,"op":271,"st":96,"bm":0},{"ddd":0,"ind":48,"ty":0,"nm":"movement-single","refId":"comp_0","sr":1,"ks":{"o":{"a":0,"k":100,"ix":11},"r":{"a":0,"k":0,"ix":10},"p":{"a":0,"k":[1100,380,0],"ix":2},"a":{"a":0,"k":[640,400,0],"ix":1},"s":{"a":0,"k":[100,100,100],"ix":6}},"ao":0,"w":1280,"h":800,"ip":84,"op":259,"st":84,"bm":0},{"ddd":0,"ind":49,"ty":0,"nm":"movement-single","refId":"comp_0","sr":1,"ks":{"o":{"a":0,"k":100,"ix":11},"r":{"a":0,"k":0,"ix":10},"p":{"a":0,"k":[960,480,0],"ix":2},"a":{"a":0,"k":[640,400,0],"ix":1},"s":{"a":0,"k":[100,100,100],"ix":6}},"ao":0,"w":1280,"h":800,"ip":89,"op":264,"st":89,"bm":0},{"ddd":0,"ind":50,"ty":0,"nm":"movement-single","refId":"comp_0","sr":1,"ks":{"o":{"a":0,"k":100,"ix":11},"r":{"a":0,"k":0,"ix":10},"p":{"a":0,"k":[840,300,0],"ix":2},"a":{"a":0,"k":[640,400,0],"ix":1},"s":{"a":0,"k":[100,100,100],"ix":6}},"ao":0,"w":1280,"h":800,"ip":79,"op":254,"st":79,"bm":0},{"ddd":0,"ind":51,"ty":0,"nm":"movement-single","refId":"comp_0","sr":1,"ks":{"o":{"a":0,"k":100,"ix":11},"r":{"a":0,"k":0,"ix":10},"p":{"a":0,"k":[640,400,0],"ix":2},"a":{"a":0,"k":[640,400,0],"ix":1},"s":{"a":0,"k":[100,100,100],"ix":6}},"ao":0,"w":1280,"h":800,"ip":71,"op":246,"st":71,"bm":0},{"ddd":0,"ind":52,"ty":0,"nm":"movement-single","refId":"comp_0","sr":1,"ks":{"o":{"a":0,"k":100,"ix":11},"r":{"a":0,"k":0,"ix":10},"p":{"a":0,"k":[1660,420,0],"ix":2},"a":{"a":0,"k":[640,400,0],"ix":1},"s":{"a":0,"k":[100,100,100],"ix":6}},"ao":0,"w":1280,"h":800,"ip":4,"op":179,"st":4,"bm":0},{"ddd":0,"ind":53,"ty":0,"nm":"movement-single","refId":"comp_0","sr":1,"ks":{"o":{"a":0,"k":100,"ix":11},"r":{"a":0,"k":0,"ix":10},"p":{"a":0,"k":[1540,380,0],"ix":2},"a":{"a":0,"k":[640,400,0],"ix":1},"s":{"a":0,"k":[100,100,100],"ix":6}},"ao":0,"w":1280,"h":800,"ip":23,"op":198,"st":23,"bm":0},{"ddd":0,"ind":54,"ty":0,"nm":"movement-single","refId":"comp_0","sr":1,"ks":{"o":{"a":0,"k":100,"ix":11},"r":{"a":0,"k":0,"ix":10},"p":{"a":0,"k":[1320,460,0],"ix":2},"a":{"a":0,"k":[640,400,0],"ix":1},"s":{"a":0,"k":[100,100,100],"ix":6}},"ao":0,"w":1280,"h":800,"ip":25,"op":200,"st":25,"bm":0},{"ddd":0,"ind":55,"ty":0,"nm":"movement-single","refId":"comp_0","sr":1,"ks":{"o":{"a":0,"k":100,"ix":11},"r":{"a":0,"k":0,"ix":10},"p":{"a":0,"k":[1100,380,0],"ix":2},"a":{"a":0,"k":[640,400,0],"ix":1},"s":{"a":0,"k":[100,100,100],"ix":6}},"ao":0,"w":1280,"h":800,"ip":13,"op":188,"st":13,"bm":0},{"ddd":0,"ind":56,"ty":0,"nm":"movement-single","refId":"comp_0","sr":1,"ks":{"o":{"a":0,"k":100,"ix":11},"r":{"a":0,"k":0,"ix":10},"p":{"a":0,"k":[960,480,0],"ix":2},"a":{"a":0,"k":[640,400,0],"ix":1},"s":{"a":0,"k":[100,100,100],"ix":6}},"ao":0,"w":1280,"h":800,"ip":18,"op":193,"st":18,"bm":0},{"ddd":0,"ind":57,"ty":0,"nm":"movement-single","refId":"comp_0","sr":1,"ks":{"o":{"a":0,"k":100,"ix":11},"r":{"a":0,"k":0,"ix":10},"p":{"a":0,"k":[840,300,0],"ix":2},"a":{"a":0,"k":[640,400,0],"ix":1},"s":{"a":0,"k":[100,100,100],"ix":6}},"ao":0,"w":1280,"h":800,"ip":8,"op":183,"st":8,"bm":0},{"ddd":0,"ind":58,"ty":0,"nm":"movement-single","refId":"comp_0","sr":1,"ks":{"o":{"a":0,"k":100,"ix":11},"r":{"a":0,"k":0,"ix":10},"p":{"a":0,"k":[640,400,0],"ix":2},"a":{"a":0,"k":[640,400,0],"ix":1},"s":{"a":0,"k":[100,100,100],"ix":6}},"ao":0,"w":1280,"h":800,"ip":0,"op":175,"st":0,"bm":0}],"markers":[]}